policy,budget,targeted_count,actual_budget,targeted_treated_count,targeted_treated_outcome_rate,targeted_treated_outcome_rate_ci_low,targeted_treated_outcome_rate_ci_high,policy_value_estimator,policy_value,policy_value_ci_low,policy_value_ci_high,gain_vs_treat_none,gain_ci_low,gain_ci_high,incremental_outcomes_per_1000_targeted,incremental_per_1000_ci_low,incremental_per_1000_ci_high,hajek_policy_value,hajek_policy_value_ci_low,hajek_policy_value_ci_high,hajek_gain_vs_treat_none,hajek_gain_ci_low,hajek_gain_ci_high,hajek_incremental_outcomes_per_1000_targeted,hajek_incremental_per_1000_ci_low,hajek_incremental_per_1000_ci_high,treat_none_value,treat_all_value,valid_value_bootstrap_reps,valid_gain_bootstrap_reps,valid_incremental_bootstrap_reps,valid_rate_bootstrap_reps,valid_hajek_value_bootstrap_reps,valid_hajek_gain_bootstrap_reps,valid_hajek_incremental_bootstrap_reps
expected_random,0.01,4000,0.01,,,,,horvitz_thompson,0.0020082927683863438,0.0016659703187470304,0.0023522139012127907,1.0856145385861115e-05,6.790532335617381e-06,1.4638312997599985e-05,1.0856145385861113,0.6790532335617381,1.4638312997599985,0.0020082927683863438,0.0016659703187470304,0.0023522139012127907,1.0856145385861115e-05,6.790532335617381e-06,1.4638312997599985e-05,1.0856145385861113,0.6790532335617381,1.4638312997599985,0.001997436623000483,0.0030830511615865946,1000,1000,1000,0,1000,1000,1000
expected_random,0.02,8000,0.02,,,,,horvitz_thompson,0.002019148913772205,0.0016809087380811683,0.002360510109169763,2.171229077172223e-05,1.3581064671234762e-05,2.927662599519997e-05,1.0856145385861113,0.6790532335617381,1.4638312997599985,0.002019148913772205,0.0016809087380811683,0.002360510109169763,2.171229077172223e-05,1.3581064671234762e-05,2.927662599519997e-05,1.0856145385861113,0.6790532335617381,1.4638312997599985,0.001997436623000483,0.0030830511615865946,1000,1000,1000,0,1000,1000,1000
expected_random,0.1,40000,0.1,,,,,horvitz_thompson,0.002105998076859094,0.0018004695456435643,0.002426285348084031,0.00010856145385861114,6.790532335617381e-05,0.00014638312997599986,1.0856145385861113,0.6790532335617381,1.4638312997599985,0.002105998076859094,0.0018004695456435643,0.002426285348084031,0.00010856145385861114,6.790532335617381e-05,0.00014638312997599986,1.0856145385861113,0.6790532335617381,1.4638312997599985,0.001997436623000483,0.0030830511615865946,1000,1000,1000,0,1000,1000,1000
expected_random,0.11,44000,0.11,,,,,horvitz_thompson,0.002116854222244955,0.0018154258086265599,0.0024333460193200797,0.00011941759924447225,7.469585569179119e-05,0.00016102144297359985,1.0856145385861113,0.6790532335617381,1.4638312997599985,0.002116854222244955,0.0018154258086265599,0.0024333460193200797,0.00011941759924447225,7.469585569179119e-05,0.00016102144297359985,1.0856145385861113,0.6790532335617381,1.4638312997599985,0.001997436623000483,0.0030830511615865946,1000,1000,1000,0,1000,1000,1000
expected_random,0.12,48000,0.12,,,,,horvitz_thompson,0.002127710367630816,0.0018296680818843394,0.0024397349911244046,0.00013027374463033336,8.148638802740857e-05,0.00017565975597119983,1.0856145385861113,0.6790532335617381,1.4638312997599985,0.002127710367630816,0.0018296680818843394,0.0024397349911244046,0.00013027374463033336,8.148638802740857e-05,0.00017565975597119983,1.0856145385861113,0.6790532335617381,1.4638312997599985,0.001997436623000483,0.0030830511615865946,1000,1000,1000,0,1000,1000,1000
expected_random,0.2,80000,0.2,,,,,horvitz_thompson,0.002214559530717705,0.0019419795672841248,0.0025007145402910465,0.00021712290771722228,0.00013581064671234762,0.0002927662599519997,1.0856145385861113,0.6790532335617381,1.4638312997599985,0.002214559530717705,0.0019419795672841248,0.0025007145402910465,0.00021712290771722228,0.00013581064671234762,0.0002927662599519997,1.0856145385861113,0.6790532335617381,1.4638312997599985,0.001997436623000483,0.0030830511615865946,1000,1000,1000,0,1000,1000,1000
expected_random,0.4,160000,0.4,,,,,horvitz_thompson,0.0024316824384349274,0.002217151744973838,0.0026502235530183466,0.00043424581543444456,0.00027162129342469523,0.0005855325199039995,1.0856145385861113,0.6790532335617381,1.4638312997599985,0.0024316824384349274,0.002217151744973838,0.0026502235530183466,0.00043424581543444456,0.00027162129342469523,0.0005855325199039995,1.0856145385861113,0.6790532335617381,1.4638312997599985,0.001997436623000483,0.0030830511615865946,1000,1000,1000,0,1000,1000,1000
expected_random,0.44,176000,0.44,,,,,horvitz_thompson,0.0024751070199783716,0.0022725662423585917,0.002684852397069077,0.000477670396977889,0.00029878342276716476,0.0006440857718943994,1.0856145385861113,0.6790532335617381,1.4638312997599985,0.0024751070199783716,0.0022725662423585917,0.002684852397069077,0.000477670396977889,0.00029878342276716476,0.0006440857718943994,1.0856145385861113,0.6790532335617381,1.4638312997599985,0.001997436623000483,0.0030830511615865946,1000,1000,1000,0,1000,1000,1000
expected_random,0.6,240000,0.6,,,,,horvitz_thompson,0.0026488053461521496,0.0024761304212456126,0.0028308123287153542,0.0006513687231516668,0.00040743194013704285,0.0008782987798559991,1.0856145385861113,0.6790532335617381,1.4638312997599985,0.0026488053461521496,0.0024761304212456126,0.0028308123287153542,0.0006513687231516668,0.00040743194013704285,0.0008782987798559991,1.0856145385861113,0.6790532335617381,1.4638312997599985,0.001997436623000483,0.0030830511615865946,1000,1000,1000,0,1000,1000,1000
expected_random,0.8,320000,0.8,,,,,horvitz_thompson,0.002865928253869372,0.00270369433250504,0.0030355063854816734,0.0008684916308688891,0.0005432425868493905,0.001171065039807999,1.0856145385861113,0.6790532335617381,1.4638312997599985,0.002865928253869372,0.00270369433250504,0.0030355063854816734,0.0008684916308688891,0.0005432425868493905,0.001171065039807999,1.0856145385861113,0.6790532335617381,1.4638312997599985,0.001997436623000483,0.0030830511615865946,1000,1000,1000,0,1000,1000,1000
expected_random,1.0,400000,1.0,,,,,horvitz_thompson,0.003083051161586594,0.0028995640250552225,0.0032782520266419844,0.0010856145385861114,0.0006790532335617381,0.0014638312997599986,1.0856145385861113,0.6790532335617381,1.4638312997599985,0.003083051161586594,0.0028995640250552225,0.0032782520266419844,0.0010856145385861114,0.0006790532335617381,0.0014638312997599986,1.0856145385861113,0.6790532335617381,1.4638312997599985,0.001997436623000483,0.0030830511615865946,1000,1000,1000,0,1000,1000,1000
response,0.01,4000,0.01,3475.0,0.15568345323741006,0.14363258928353947,0.1680732518963553,horvitz_thompson,0.0024404474716629414,0.002178552014160361,0.002697991526777696,0.0004430108486624584,0.00012797533195150478,0.0007426862681736507,44.301084866245844,12.651148088777218,73.73377244055791,0.002436830926542776,0.0021758352704720884,0.002694271751950857,0.00043939430354229337,0.00012598820566446105,0.0007377096381374141,24.25488180883864,-7.445156103830439,55.12511439756122,0.001997436623000483,0.0030830511615865946,1000,1000,1000,1000,1000,1000,1000
response,0.02,8000,0.02,6914.0,0.0963262944749783,0.08946550233097836,0.10344890227462929,horvitz_thompson,0.0026084341482925876,0.0023553276360344516,0.0028613109670816337,0.0006109975252921048,0.00028156095968420665,0.0009171561535573462,30.54987626460524,14.0472747244621,45.756489753940066,0.002602544332637085,0.002349821382991172,0.0028533746076788596,0.0006051077096366022,0.0002771196877376785,0.0009106548682604593,21.740659115862275,3.5109961066865623,37.98078571576011,0.001997436623000483,0.0030830511615865946,1000,1000,1000,1000,1000,1000,1000
response,0.1,40000,0.1,34584.0,0.026428406199398565,0.024673523664933455,0.028159007827284793,horvitz_thompson,0.0029718144265123607,0.002754658839003795,0.0031892518692956807,0.0009743778035118779,0.0006138813521990849,0.0013402599875151548,9.74377803511878,6.140817947504061,13.466447309990278,0.0029377665482644135,0.002724237532836842,0.0031553282575745526,0.0009403299252639307,0.0005799819002312781,0.0013063277268564539,7.410680940905211,3.3577150518041363,11.43465710096716,0.001997436623000483,0.0030830511615865946,1000,1000,1000,1000,1000,1000,1000
response,0.11,44000,0.11,38010.0,0.02433570113128124,0.022743245403516153,0.025918060553730183,horvitz_thompson,0.0029542387807631625,0.002749531469399576,0.003161752919756334,0.0009568021577626797,0.000587255016085348,0.0013170858124046266,8.69820143420618,5.354901415918221,12.009957655492167,0.0029188792920682416,0.002718634020543036,0.0031238061491715434,0.0009214426690677588,0.0005531605458104631,0.0012808945161600187,6.639540864169388,2.9336209472437176,10.223851893558244,0.001997436623000483,0.0030830511615865946,1000,1000,1000,1000,1000,1000,1000
response,0.12,48000,0.12,41396.0,0.022683351048410474,0.021210508075201293,0.024134364026120094,horvitz_thompson,0.0029787792735316183,0.0027684990717356983,0.003179012381174931,0.0009813426505311358,0.0006063822620151772,0.0013373403359033986,8.177855421092797,5.052947245411701,11.119498890264959,0.002943879798147206,0.0027391534297276842,0.0031397169531634673,0.000946443175146723,0.0005728035533808897,0.001300835449367772,6.481049413037974,3.089650958171429,9.624566546310664,0.001997436623000483,0.0030830511615865946,1000,1000,1000,1000,1000,1000,1000
response,0.2,80000,0.2,68592.0,0.014301959412176346,0.01343215148427651,0.01519915002589784,horvitz_thompson,0.0030024648362619744,0.0028108760676240985,0.0032028968394774136,0.0010050282132614918,0.0006171510472071812,0.0013792907932482278,5.02514106630746,3.076570738260813,6.884890575296533,0.0029671637953513617,0.002778460871493758,0.0031652566735519156,0.0009697271723508789,0.0005815282678723496,0.0013399001679538986,4.3966298189084645,2.4048906989337553,6.309350843357019,0.001997436623000483,0.0030830511615865946,1000,1000,1000,1000,1000,1000,1000
response,0.4,160000,0.4,136470.0,0.007510808236242398,0.007069624129118374,0.007974136113667004,horvitz_thompson,0.0030486793896068766,0.002860398084359861,0.0032390954578955453,0.001051242766606394,0.0006514239665878008,0.0014312566289615852,2.628106916515985,1.627752804485572,3.572650185169466,0.003019064648811568,0.0028347300535404075,0.0032077609552108076,0.0010216280258110852,0.0006245546300073293,0.001401793480770584,2.4959336081081007,1.4749305705689735,3.459177590806178,0.001997436623000483,0.0030830511615865946,1000,1000,1000,1000,1000,1000,1000
response,0.44,176000,0.44,150075.0,0.006863235049142095,0.006463505827904164,0.00729064280658071,horvitz_thompson,0.0030467432979723943,0.002868650525635724,0.00324305005965739,0.0010493066749719113,0.0006534439829008737,0.0014285288579097715,2.384787897663435,1.4826940875256638,3.240505378084238,0.0030166745705848055,0.0028386926933997346,0.003209960246684602,0.0010192379475843227,0.0006252644805424482,0.0013946580173280754,2.273071114715866,1.3667951715763282,3.130410807114234,0.001997436623000483,0.0030830511615865946,1000,1000,1000,1000,1000,1000,1000
response,0.6,240000,0.6,204302.0,0.005080713845189964,0.004772854038947335,0.005398313624734496,horvitz_thompson,0.0030702780396638955,0.002890846991068489,0.0032667710345618225,0.0010728414166634125,0.0006693872465447531,0.0014473697062960692,1.7880690277723539,1.1160607984342046,2.4115423710868473,0.0030494798403356066,0.0028710542972630263,0.003242809306892553,0.0010520432173351238,0.0006524887704879051,0.0014302972531776818,1.7471937600311316,1.077993635852169,2.382039601592061,0.001997436623000483,0.0030830511615865946,1000,1000,1000,1000,1000,1000,1000
response,0.8,320000,0.8,272180.0,0.003839371004482328,0.0036154016653548726,0.004076441622474895,horvitz_thompson,0.003074225633452288,0.0028936892124229565,0.0032640038413150694,0.001076789010451805,0.0006702181759900072,0.0014535248446140684,1.3459862630647563,0.8386250999155823,1.816531299893457,0.00305974613471137,0.002880738832061552,0.0032516125399036163,0.0010623095117108872,0.0006528486377527034,0.0014349682666240423,1.329960715900145,0.8160906095962424,1.7985981338762345,0.001997436623000483,0.0030830511615865946,1000,1000,1000,1000,1000,1000,1000
response,1.0,400000,1.0,339923.0,0.0030830511615865946,0.0028995640250552225,0.0032782520266419844,horvitz_thompson,0.0030830511615866007,0.0028995640250552234,0.003278252026641985,0.001085614538586118,0.0006790532335617392,0.0014638312997599992,1.085614538586118,0.6790532335617392,1.4638312997599991,0.003083051161586594,0.0028995640250552225,0.003278252026641985,0.0010856145385861114,0.0006790532335617385,0.001463831299759999,1.0856145385861118,0.6790532335617381,1.4638312997599985,0.001997436623000483,0.0030830511615865946,1000,1000,1000,1000,1000,1000,1000
s_learner,0.01,4000,0.01,3469.0,0.1473046987604497,0.13521442942441775,0.15973257094911936,horvitz_thompson,0.002402128105894826,0.002129217414984791,0.002665758266191396,0.0004046914828943428,0.00010466869393075526,0.0006851834774426941,40.46914828943428,10.669309101970198,68.36286926528848,0.002398849848943784,0.0021272459012123164,0.00266288203343339,0.00040141322594330116,0.00010391661097479909,0.0006797804257448062,23.01091344971522,-8.90075710593626,50.66622909254378,0.001997436623000483,0.0030830511615865946,1000,1000,1000,1000,1000,1000,1000
s_learner,0.02,8000,0.02,6921.0,0.0885710157491692,0.08214555123159589,0.09539171691779923,horvitz_thompson,0.002585678926119762,0.002317554260790313,0.002840538031133239,0.0005882423031192792,0.00027059728365044544,0.000886748094766148,29.41211515596396,13.638716673830936,44.5779863744825,0.002579487616458963,0.0023135211672178886,0.002833831832828324,0.0005820509934584802,0.00026552107591750406,0.000880851983899143,20.915779419234074,4.470099688788783,36.75606956466204,0.001997436623000483,0.0030830511615865946,1000,1000,1000,1000,1000,1000,1000
s_learner,0.1,40000,0.1,34081.0,0.021214166250990287,0.019670377160856962,0.022717524967226864,horvitz_thompson,0.0027428285724611905,0.002497962408421406,0.002996494294265595,0.0007453919494607076,0.00041550177912214064,0.001075899178275558,7.453919494607077,4.185238199164257,10.710041452888575,0.002738071501743455,0.002494691508244695,0.0029926402329022547,0.000740634878742972,0.00040985641379238165,0.0010703877231637933,7.191527291706624,3.7177752374043513,10.370734929033963,0.001997436623000483,0.0030830511615865946,1000,1000,1000,1000,1000,1000,1000
s_learner,0.11,44000,0.11,37451.0,0.019305225494646337,0.017903896389250485,0.020690171305568043,horvitz_thompson,0.0027428285724611905,0.002497962408421406,0.002996494294265595,0.0007453919494607076,0.00041550177912214064,0.001075899178275558,6.776290449642797,3.8048825505445234,9.74599627966581,0.0027396373122780602,0.002496474777488492,0.0029940409862284968,0.0007422006892775774,0.00041052203488206395,0.00107290233957832,6.631534854854001,3.5494212267951752,9.504131968741723,0.001997436623000483,0.0030830511615865946,1000,1000,1000,1000,1000,1000,1000
s_learner,0.12,48000,0.12,40826.0,0.017709302895213833,0.0164388159400122,0.0189778464643051,horvitz_thompson,0.0027428285724611905,0.002497962408421406,0.002996494294265595,0.0007453919494607076,0.00041550177912214064,0.001075899178275558,6.21159957883923,3.4904638131568286,8.943418362074347,0.0027409366379534538,0.0024973383816978808,0.00299506888694932,0.000743500014952971,0.000411306491279032,0.001073526805291897,6.139746162568168,3.281465998977382,8.774339479035504,0.001997436623000483,0.0030830511615865946,1000,1000,1000,1000,1000,1000,1000
s_learner,0.2,80000,0.2,68061.0,0.01079913606911447,0.010049168889291337,0.011583240837413796,horvitz_thompson,0.0027614853798067713,0.0025214087838112864,0.0030010193631904805,0.0007640487568062885,0.00042256643396191803,0.0010826544864615528,3.820243784031442,2.1197999089154087,5.397264979182387,0.002757359107436399,0.0025204227000634074,0.0030013973587622186,0.0007599224844359164,0.0004176087313796822,0.0010778570442077351,3.763370929655554,2.022739439949528,5.359765427014024,0.001997436623000483,0.0030830511615865946,1000,1000,1000,1000,1000,1000,1000
s_learner,0.4,160000,0.4,135934.0,0.0055541659923198025,0.005161177832309952,0.00596532507498043,horvitz_thompson,0.0027703863184605115,0.0025335139653643378,0.003006119266214536,0.0007729496954600289,0.0004184111438163756,0.0011019646077167935,1.9323742386500722,1.0449985671174356,2.7454044898042675,0.0027722977279386386,0.0025379939451822525,0.0030127005750449254,0.0007748611049381558,0.0004176894912186906,0.0011004490189508917,1.9391074034392242,1.046674688837258,2.752711762533805,0.001997436623000483,0.0030830511615865946,1000,1000,1000,1000,1000,1000,1000
s_learner,0.44,176000,0.44,149458.0,0.005071658927591698,0.004710849648620099,0.005434367936852781,horvitz_thompson,0.002762566541403154,0.0025306455424957135,0.0030037554423235865,0.0007651299184026711,0.0004077611605762783,0.001096535470640614,1.7389316327333433,0.9246157782144871,2.496895344559488,0.0027684294172165983,0.0025365151230122944,0.003004847444834102,0.0007709927942161155,0.0004153960827968841,0.0011050273388172002,1.7561589652678333,0.9458260721641715,2.5045334268161596,0.001997436623000483,0.0030830511615865946,1000,1000,1000,1000,1000,1000,1000
s_learner,0.6,240000,0.6,203689.0,0.0037999106480958718,0.0035359307637856463,0.004068149990617705,horvitz_thompson,0.0027763454144028145,0.00254994720716842,0.003014333524382705,0.0007789087914023317,0.00041229192813760135,0.0011285048124939816,1.2981813190038862,0.6862781897524317,1.883680206158847,0.002790820498235583,0.002566385680844274,0.0030307599529524527,0.0007933838752351,0.00042979124358169345,0.001143652253034853,1.3213228923193852,0.7192403258192309,1.9021544551617948,0.001997436623000483,0.0030830511615865946,1000,1000,1000,1000,1000,1000,1000
s_learner,0.8,320000,0.8,271682.0,0.0029740652674818354,0.002775306767261369,0.00318704602878558,horvitz_thompson,0.002859722761400023,0.0026255496633666286,0.0031017571444707996,0.0008622861383995404,0.0005004176143766537,0.0012146196658224782,1.0778576729994254,0.6249434529163093,1.517031066020295,0.0028741571947870467,0.0026417753832450345,0.0031191171583912895,0.000876720571786564,0.0005119644572078774,0.0012329047689926577,1.0907091683055452,0.6386423039086361,1.5304803557257962,0.001997436623000483,0.0030830511615865946,1000,1000,1000,1000,1000,1000,1000
s_learner,1.0,400000,1.0,339923.0,0.0030830511615865946,0.0028995640250552225,0.0032782520266419844,horvitz_thompson,0.0030830511615866033,0.0028995640250552234,0.003278252026641985,0.0010856145385861203,0.0006790532335617392,0.0014638312997599992,1.0856145385861204,0.6790532335617392,1.4638312997599991,0.003083051161586594,0.0028995640250552225,0.003278252026641985,0.0010856145385861114,0.0006790532335617385,0.001463831299759999,1.0856145385861118,0.6790532335617381,1.4638312997599985,0.001997436623000483,0.0030830511615865946,1000,1000,1000,1000,1000,1000,1000
t_learner,0.01,4000,0.01,3496.0,0.11441647597254005,0.10410421536885817,0.1250347894991407,horvitz_thompson,0.002258681922033632,0.0019800976163191477,0.0025317290680589937,0.00026124529903314895,-1.2352548172589108e-05,0.000523491783619746,26.124529903314897,-1.208402250851971,52.10386540084833,0.002254408806687665,0.0019766046504207536,0.002526341332935474,0.00025697218368718206,-1.5660798716608747e-05,0.0005171533868640753,5.289491845555924,-22.80193731439219,33.533427196859634,0.001997436623000483,0.0030830511615865946,1000,1000,1000,1000,1000,1000,1000
t_learner,0.02,8000,0.02,6920.0,0.07687861271676301,0.07083297751343083,0.08321254104996763,horvitz_thompson,0.0024306161924516714,0.0021559163834215986,0.0027011991247634045,0.00043317956945118874,0.00012240435910613594,0.0007147185678417627,21.658978472559436,6.154153885593645,35.8322038032597,0.0024248435566405204,0.002150133956339094,0.0026930535516432,0.00042740693364003764,0.00011578295800388043,0.0007077202170700751,13.915649753800052,-2.847659490530415,29.027976143195264,0.001997436623000483,0.0030830511615865946,1000,1000,1000,1000,1000,1000,1000
t_learner,0.1,40000,0.1,34502.0,0.02194075705756188,0.02039552381860732,0.02347703468800185,horvitz_thompson,0.0027429793935000446,0.0025129663095944583,0.002974807229094358,0.0007455427704995618,0.00040733614952012686,0.0010779022795053051,7.455427704995619,4.093842503893606,10.739942960361525,0.0027158653634717965,0.002489582106105705,0.0029450025026437933,0.0007184287404713137,0.0003862152339780321,0.0010506679140070312,5.753052437700114,2.0827637211241394,9.256651133203787,0.001997436623000483,0.0030830511615865946,1000,1000,1000,1000,1000,1000,1000
t_learner,0.11,44000,0.11,37895.0,0.020266525926903284,0.018872350760481174,0.021685025915177396,horvitz_thompson,0.002758694358134188,0.002530622284270457,0.0029883857293898416,0.000761257735133705,0.00042570033332585893,0.001093129998195413,6.920524864851863,3.861523100836233,9.896956434381876,0.002731755042808411,0.002507874317928279,0.002959594767740985,0.0007343184198079283,0.00039702970566323864,0.0010649795899809796,5.524511184888541,2.2641618309092415,8.727835397519376,0.001997436623000483,0.0030830511615865946,1000,1000,1000,1000,1000,1000,1000
t_learner,0.12,48000,0.12,41307.0,0.018858789067228314,0.01757929862686738,0.020193984669581947,horvitz_thompson,0.0027411187123849894,0.002516657327859468,0.0029618468351348213,0.0007436820893845068,0.00038301496824851385,0.0010746039679109657,6.19735074487089,3.1818745382178077,8.962437809478336,0.002713678889052954,0.0024929504803274044,0.0029311990922770838,0.000716242266052471,0.0003562724904094032,0.0010445905588881608,4.96367476870747,1.8122597630891035,7.865439308452965,0.001997436623000483,0.0030830511615865946,1000,1000,1000,1000,1000,1000,1000
t_learner,0.2,80000,0.2,68538.0,0.012022527648895503,0.011210540957266191,0.012881633844733295,horvitz_thompson,0.002806920413633,0.0025957069014876854,0.0030375665660027674,0.0008094837906325172,0.0004424430857325105,0.0011634068777537784,4.047418953162586,2.214622189177283,5.796699492139753,0.002776820985779706,0.002568963022365267,0.0029971640401740924,0.000779384362779223,0.0004125773020461954,0.001132140581381932,3.5597811823102656,1.6757889864353235,5.371038589899919,0.001997436623000483,0.0030830511615865946,1000,1000,1000,1000,1000,1000,1000
t_learner,0.4,160000,0.4,136488.0,0.006308246878846492,0.005892575799384028,0.006742781760304907,horvitz_thompson,0.002882477983572851,0.002667391713609355,0.0031017032270372175,0.000885041360572368,0.0005043461263266794,0.0012466259955384354,2.21260340143092,1.2610956490436052,3.112843903481494,0.0028534814406794414,0.002644083729096304,0.003068495348911304,0.0008560448176789586,0.00048456222911828485,0.0012207974587952002,2.0976310231132493,1.1470191228316151,3.036143183200547,0.001997436623000483,0.0030830511615865946,1000,1000,1000,1000,1000,1000,1000
t_learner,0.44,176000,0.44,149984.0,0.005753947087689354,0.005374691413310118,0.0061509067792976605,horvitz_thompson,0.002888361668995726,0.0026731971318316094,0.0031101310110519887,0.0008909250459952433,0.0005044197408281473,0.0012554067440711473,2.024829649989189,1.1459270561360255,2.8467054396576,0.0028649121414716996,0.0026555513681949705,0.0030819223625746218,0.0008674755184712168,0.0004910387111489405,0.0012392567821742457,1.9485965341838187,1.0853511175623884,2.8018085894833007,0.001997436623000483,0.0030830511615865946,1000,1000,1000,1000,1000,1000,1000
t_learner,0.6,240000,0.6,204087.0,0.0042971869839823216,0.004014003333018624,0.004600784670043104,horvitz_thompson,0.002879611551380841,0.002674547744202153,0.003108260282324867,0.0008821749283803579,0.0005063343840698388,0.0012481343959612366,1.4702915473005964,0.8443475119240691,2.0803256753746378,0.0028721181718044503,0.002666914129196519,0.003102455231953852,0.0008746815488039675,0.0004952415021671997,0.001236651022312934,1.4569898408865067,0.818569521725742,2.0636127507469837,0.001997436623000483,0.0030830511615865946,1000,1000,1000,1000,1000,1000,1000
t_learner,0.8,320000,0.8,271927.0,0.0032582273919103287,0.003046016090938818,0.0034872601201411967,horvitz_thompson,0.0029060881357837794,0.0026989556918946035,0.0031332855168527563,0.0009086515127832966,0.0005292278063117066,0.0012708093216563443,1.1358143909791207,0.6617944073496302,1.5885788018352025,0.0029067371912643784,0.0026984940333954687,0.003140514220121131,0.0009093005682638956,0.0005259614101660592,0.0012721497227482063,1.1364542552223749,0.6584630705426052,1.5903318664968642,0.001997436623000483,0.0030830511615865946,1000,1000,1000,1000,1000,1000,1000
t_learner,1.0,400000,1.0,339923.0,0.0030830511615865946,0.0028995640250552225,0.0032782520266419844,horvitz_thompson,0.0030830511615866025,0.0028995640250552234,0.003278252026641985,0.0010856145385861196,0.0006790532335617392,0.0014638312997599992,1.0856145385861196,0.6790532335617392,1.4638312997599991,0.003083051161586594,0.0028995640250552225,0.003278252026641985,0.0010856145385861114,0.0006790532335617385,0.001463831299759999,1.0856145385861118,0.6790532335617381,1.4638312997599985,0.001997436623000483,0.0030830511615865946,1000,1000,1000,1000,1000,1000,1000
