candidate_policy,reference_policy,candidate_budget,reference_budget,delta_policy_value,delta_policy_value_ci_low,delta_policy_value_ci_high,policy_value_bootstrap_fraction_positive,policy_value_conclusion,delta_incremental_per_1000_targeted,delta_incremental_per_1000_ci_low,delta_incremental_per_1000_ci_high,incremental_bootstrap_fraction_positive,incremental_conclusion,delta_hajek_policy_value,delta_hajek_policy_value_ci_low,delta_hajek_policy_value_ci_high,hajek_policy_value_conclusion,delta_hajek_incremental_per_1000_targeted,delta_hajek_incremental_per_1000_ci_low,delta_hajek_incremental_per_1000_ci_high,hajek_incremental_conclusion,valid_policy_value_bootstrap_reps,valid_incremental_bootstrap_reps,valid_hajek_policy_value_bootstrap_reps,valid_hajek_incremental_bootstrap_reps
s_learner,response,0.01,0.01,3.332944489809397e-05,-9.752928073212275e-05,0.00016333457346240748,0.686,inconclusive,3.332944489809435,-9.372334262725325,16.25107032280867,0.688,inconclusive,3.311096794376533e-05,-9.732115643929934e-05,0.00016276336448598058,inconclusive,2.616110670343936,-12.21427242581727,16.594012685766288,inconclusive,1000,1000,1000,1000
s_learner,response,0.02,0.02,5.868749879302335e-06,-0.00011279844393165496,0.0001262418808678472,0.545,inconclusive,0.2934374939651221,-5.615794643506226,6.352602312743864,0.551,inconclusive,4.992506010909493e-06,-0.00011259762522615593,0.0001251120096462093,inconclusive,-0.4039449901030032,-7.52037486617025,6.530515088734081,inconclusive,1000,1000,1000,1000
s_learner,response,0.1,0.1,-0.00018533910511938853,-0.00035534009974451256,-1.8402353655937632e-05,0.016,worse,-1.8533910511938876,-3.5631205642501045,-0.1665187966784639,0.014,worse,-0.00017241203995960273,-0.0003412129519737299,-3.3920658855244603e-06,worse,-0.8477487305386475,-2.63797326314681,1.0659648439782092,inconclusive,1000,1000,1000,1000
s_learner,response,0.11,0.11,-0.00019808675292502234,-0.00036864744638445343,-2.9086682482914013e-05,0.009,worse,-1.8007886629547487,-3.3288446621383514,-0.26172551084712115,0.009,worse,-0.00018351829878393957,-0.00035110182463720714,-1.701591682834614e-05,worse,-0.8626402314480321,-2.5323989438374905,0.7926334979160128,inconclusive,1000,1000,1000,1000
s_learner,response,0.12,0.12,-0.00021377563775612377,-0.00037608859200850646,-6.0487882096220136e-05,0.005,worse,-1.7814636479677004,-3.162158574816189,-0.4955637386286813,0.005,worse,-0.00019958916872691874,-0.00036534581850182095,-4.648044738581293e-05,worse,-1.0180734158581917,-2.4860670744697173,0.4152305218577387,inconclusive,1000,1000,1000,1000
s_learner,response,0.2,0.2,-0.00018437699167307264,-0.0003851268586814922,-3.4930548862793855e-07,0.025,worse,-0.9218849583653648,-1.925945194343589,0.012910016974879333,0.027,inconclusive,-0.00016681823814246148,-0.0003609826458966238,1.632959582632039e-05,inconclusive,-0.5912142664910243,-1.583433289744474,0.38618179129284025,inconclusive,1000,1000,1000,1000
s_learner,response,0.4,0.4,-0.0002569252176060151,-0.0004528230775444288,-8.049413782643017e-05,0.007,worse,-0.6423130440150375,-1.1337602990219737,-0.19649850494663568,0.007,worse,-0.00022757832448503084,-0.0004275863737938253,-4.7828364488477544e-05,worse,-0.5139580513640796,-1.0164317372652738,-0.04742829517961085,worse,1000,1000,1000,1000
s_learner,response,0.44,0.44,-0.00024516026950414244,-0.00043838571406292816,-6.62058286779054e-05,0.007,worse,-0.5571824306912332,-0.9941805324644869,-0.14497933278010416,0.008,worse,-0.00021988173748872146,-0.0004146970817039006,-3.700124643528755e-05,worse,-0.46582055375017606,-0.9189907513008677,-0.045556956364958524,worse,1000,1000,1000,1000
s_learner,response,0.6,0.6,-0.00027358994005506274,-0.0004595324574024078,-9.806736640353625e-05,0.004,worse,-0.4559832334251046,-0.7656918073345002,-0.16205680489501267,0.004,worse,-0.00025324454507089306,-0.0004382694851592731,-7.792480190053257e-05,worse,-0.4177262204208114,-0.7248733950378035,-0.12299912618996238,worse,1000,1000,1000,1000
s_learner,response,0.8,0.8,-0.00024122947068909873,-0.0004074592648874848,-7.185194436842756e-05,0.005,worse,-0.3015368383613729,-0.5108985929687645,-0.08951333151253467,0.005,worse,-0.00022026139274600393,-0.0003876427942823023,-4.8133918027974814e-05,worse,-0.28149327219489995,-0.4888937785141686,-0.06886183490751997,worse,1000,1000,1000,1000
s_learner,response,1.0,1.0,-5.637851296924623e-18,0.0,0.0,0.0,inconclusive,-5.995204332975845e-15,0.0,0.0,0.0,inconclusive,0.0,0.0,0.0,inconclusive,0.0,0.0,0.0,inconclusive,1000,1000,1000,1000
s_learner,expected_random,0.01,0.01,0.0004476357218587896,0.00013467838494428045,0.0007476641393478261,0.999,beats,44.763572185878985,13.358355653077274,74.68507281220387,0.999,beats,0.00044490136754049797,0.00013299289889281732,0.000742927806964292,beats,30.0381643049882,-1.6633914469806943,59.96813297633115,inconclusive,1000,1000,1000,1000
s_learner,expected_random,0.02,0.02,0.0005676810545563477,0.0002455693892815713,0.0008652286461182704,1.0,beats,28.384052727817384,12.246192678112337,43.40640963866142,1.0,beats,0.0005607631599732006,0.00024008897173228837,0.0008594274697039219,beats,18.33923347497401,1.8890034496866983,34.403699629658945,beats,1000,1000,1000,1000
s_learner,expected_random,0.1,0.1,0.0006112506705214264,0.00029161409611927914,0.0009158204196222153,1.0,beats,6.112506705214264,2.9395547354377487,9.204711353560024,1.0,beats,0.000600530641377574,0.00028188883720162584,0.0009043926069063039,beats,5.488092749798062,2.273030020436212,8.638994009605819,beats,1000,1000,1000,1000
s_learner,expected_random,0.11,0.11,0.0006008851502229888,0.00028393018300771163,0.0009026088276379846,1.0,beats,5.462592274754444,2.602728030928836,8.251364328728785,1.0,beats,0.0005896598025260662,0.0002744219990821757,0.0008910638684228077,beats,4.922837136829955,2.0589854232226674,7.742224960783519,beats,1000,1000,1000,1000
s_learner,expected_random,0.12,0.12,0.0005905196299245516,0.0002762897034835782,0.0008893972356537543,1.0,beats,4.920996916037927,2.3137912282988617,7.456843318895358,1.0,beats,0.0005798929584215837,0.0002685139130629578,0.0008779004310211025,beats,4.493241289696231,1.8691764975077627,7.040398111022406,beats,1000,1000,1000,1000
s_learner,expected_random,0.2,0.2,0.0005125021039700415,0.00020897652228912635,0.0007869926515667189,1.0,beats,2.562510519850207,1.043939528387309,3.9195716230133755,1.0,beats,0.0005094430758159248,0.00020832980726378679,0.000782038202631467,beats,2.5181970695508733,1.057037111215859,3.894071442038221,beats,1000,1000,1000,1000
s_learner,expected_random,0.4,0.4,0.0003189220455106856,8.727882252160507e-05,0.0005381979929673712,0.997,beats,0.7973051137767135,0.2174539305921562,1.3446375163351423,0.997,beats,0.0003215346051291864,9.405512640267105e-05,0.0005347583806125457,beats,0.8068672029658213,0.23352705858473763,1.341367029841208,beats,1000,1000,1000,1000
s_learner,expected_random,0.44,0.44,0.0002921661494442759,7.552097315654735e-05,0.0004991010433321139,0.995,beats,0.6640139760097179,0.16759981771809138,1.1368360164339242,0.995,beats,0.0002937521833584547,8.147268272725272e-05,0.0005006309554284611,beats,0.6687967301063888,0.18518741829412402,1.143044321043132,beats,1000,1000,1000,1000
s_learner,expected_random,0.6,0.6,0.00012240075002586124,-6.813534172282317e-05,0.0002965887559379671,0.903,inconclusive,0.2040012500431021,-0.11331697575954644,0.4945849011111786,0.902,inconclusive,0.0001272109239828568,-6.15426179328222e-05,0.0003008575980415718,inconclusive,0.21196246472251423,-0.10098174992768981,0.49911825198917,inconclusive,1000,1000,1000,1000
s_learner,expected_random,0.8,0.8,-3.196052739864834e-05,-0.00018458323781686802,0.000122716396378828,0.32,inconclusive,-0.03995065924830998,-0.23130945744278134,0.15329352117690884,0.318,inconclusive,-1.3587255631243404e-05,-0.0001678868394735045,0.0001425127869878222,inconclusive,-0.02271072250679529,-0.2128900105791454,0.1706144686231104,inconclusive,1000,1000,1000,1000
s_learner,expected_random,1.0,1.0,-1.3010426069826053e-17,-8.673617379884035e-19,8.673617379884035e-19,0.373,inconclusive,-1.3322676295501878e-14,-1.0019762797242036e-15,1.1102230246251565e-15,0.45,inconclusive,-4.336808689942018e-19,-4.336808689942018e-19,4.336808689942018e-19,inconclusive,-4.440892098500626e-16,0.0,0.0,inconclusive,1000,1000,1000,1000
s_learner,treat_all,0.01,1.0,-0.0005785507876865255,-0.0008384853083573384,-0.00032909044516871437,0.0,worse,44.763572185878985,13.358355653077274,74.68507281220387,0.999,beats,-0.0005812851420048172,-0.0008411149009554652,-0.0003315932274173278,worse,30.0381643049882,-1.6633914469806943,59.96813297633115,inconclusive,1000,1000,1000,1000
s_learner,treat_all,0.02,1.0,-0.00044813993469053,-0.0006780240766035618,-0.00022583154044981713,0.0,worse,28.384052727817384,12.246192678112337,43.40640963866142,1.0,beats,-0.0004550578292736771,-0.0006852967243119219,-0.00023331336602617798,worse,18.33923347497401,1.8890034496866983,34.403699629658945,beats,1000,1000,1000,1000
s_learner,treat_all,0.1,1.0,-0.0003216461563379509,-0.0005242114508133937,-0.00011229996696989317,0.002,worse,6.112506705214264,2.9395547354377487,9.204711353560024,1.0,beats,-0.00033236618548180327,-0.0005350548256992277,-0.00012243029598433885,worse,5.488092749798062,2.273030020436212,8.638994009605819,beats,1000,1000,1000,1000
s_learner,treat_all,0.11,1.0,-0.0003216461563379509,-0.0005242114508133937,-0.00011229996696989317,0.002,worse,5.462592274754444,2.602728030928836,8.251364328728785,1.0,beats,-0.0003328715040348735,-0.0005344139016076394,-0.00012177860928797519,worse,4.922837136829955,2.0589854232226674,7.742224960783519,beats,1000,1000,1000,1000
s_learner,treat_all,0.12,1.0,-0.0003216461563379509,-0.0005242114508133937,-0.00011229996696989317,0.002,worse,4.920996916037927,2.3137912282988617,7.456843318895358,1.0,beats,-0.00033227282784091886,-0.0005336428930051586,-0.00012264624491090193,worse,4.493241289696231,1.8691764975077627,7.040398111022406,beats,1000,1000,1000,1000
s_learner,treat_all,0.2,1.0,-0.00031673951990496057,-0.0005169328007502521,-0.00011659676696136137,0.002,worse,2.562510519850207,1.043939528387309,3.9195716230133755,1.0,beats,-0.00031979854805907733,-0.0005209316257530281,-0.0001181164320037535,worse,2.5181970695508733,1.057037111215859,3.894071442038221,beats,1000,1000,1000,1000
s_learner,treat_all,0.4,1.0,-0.00030300917239556606,-0.0004916983851842814,-0.00011894732349822326,0.002,worse,0.7973051137767135,0.2174539305921562,1.3446375163351423,0.997,beats,-0.0003003966127770653,-0.00048753915653077185,-0.00011729433597611327,worse,0.8068672029658213,0.23352705858473763,1.341367029841208,beats,1000,1000,1000,1000
s_learner,treat_all,0.44,1.0,-0.00028830298726822533,-0.0004740432758584739,-0.00010427732834169001,0.002,worse,0.6640139760097179,0.16759981771809138,1.1368360164339242,0.995,beats,-0.00028671695335404654,-0.0004674853284749951,-0.00010119153023582625,worse,0.6687967301063888,0.18518741829412402,1.143044321043132,beats,1000,1000,1000,1000
s_learner,treat_all,0.6,1.0,-0.0002922200619116396,-0.0004702639800112631,-0.00012000385849697667,0.002,worse,0.2040012500431021,-0.11331697575954644,0.4945849011111786,0.902,inconclusive,-0.00028740988795464403,-0.00046600256280382636,-0.00011884125622427399,worse,0.21196246472251423,-0.10098174992768981,0.49911825198917,inconclusive,1000,1000,1000,1000
s_learner,treat_all,0.8,1.0,-0.00023927093336739832,-0.00040324412457988393,-6.999277133795114e-05,0.003,worse,-0.03995065924830998,-0.23130945744278134,0.15329352117690884,0.318,inconclusive,-0.0002208976615999934,-0.00038516270422956457,-5.2122770728511686e-05,worse,-0.02271072250679529,-0.2128900105791454,0.1706144686231104,inconclusive,1000,1000,1000,1000
s_learner,treat_all,1.0,1.0,-1.2576745200831851e-17,-8.673617379884035e-19,8.673617379884035e-19,0.373,inconclusive,-1.3322676295501878e-14,-1.0019762797242036e-15,1.1102230246251565e-15,0.45,inconclusive,0.0,-4.336808689942018e-19,4.336808689942018e-19,inconclusive,-4.440892098500626e-16,0.0,0.0,inconclusive,1000,1000,1000,1000
t_learner,response,0.01,0.01,-4.3183890278974697e-05,-0.00025636218705274476,0.00015396369881429117,0.33,inconclusive,-4.318389027897467,-25.40877476922779,15.218034584378817,0.329,inconclusive,-4.331236118698461e-05,-0.0002554931629112205,0.00015299560780445985,inconclusive,-1.0447756495019362,-23.04039790532596,18.214196601463364,inconclusive,1000,1000,1000,1000
t_learner,response,0.02,0.02,-5.004220194785615e-05,-0.00024548981510121926,0.0001471865201660311,0.301,inconclusive,-2.502110097392805,-12.38013216547868,7.17881734317181,0.302,inconclusive,-4.940381598595323e-05,-0.0002449736029909794,0.00014609999694086635,inconclusive,0.2641865890914765,-10.224310357868507,10.68262761282376,inconclusive,1000,1000,1000,1000
t_learner,response,0.1,0.1,-6.279671183930403e-05,-0.0002411786170662931,0.00012503424923907677,0.245,inconclusive,-0.6279671183930411,-2.434943897520394,1.2420989648909453,0.245,inconclusive,-5.8973018724825434e-05,-0.0002350986851329246,0.00012421456228701338,inconclusive,-0.08978110832942487,-1.9887856410696592,1.861969204874813,inconclusive,1000,1000,1000,1000
t_learner,response,0.11,0.11,-6.573794886477252e-05,-0.0002472587988516774,0.00011837464214176273,0.234,inconclusive,-0.5976177169524748,-2.246786473558094,1.0647234102948753,0.233,inconclusive,-5.8269373777793555e-05,-0.00023843500043410902,0.00012408571646437287,inconclusive,0.04575028778681922,-1.704145561537866,1.7459084725054892,inconclusive,1000,1000,1000,1000
t_learner,response,0.12,0.12,-6.083817451759668e-05,-0.00023917804678746813,0.00012227936557237225,0.246,inconclusive,-0.5069847876466422,-2.011015945159558,1.0279550082417095,0.248,inconclusive,-5.592018551239938e-05,-0.0002358141888449427,0.0001274452285401729,inconclusive,-0.07300996355032385,-1.6387049373661624,1.5433946478982068,inconclusive,1000,1000,1000,1000
t_learner,response,0.2,0.2,-6.920070441224571e-06,-0.00018120478991607262,0.00017731256190051976,0.451,inconclusive,-0.03460035220612312,-0.9228160076858536,0.8860483020985482,0.452,inconclusive,-6.334651576352969e-06,-0.00018320813801935232,0.00017801127762856716,inconclusive,0.053687354068406634,-0.8603208243971154,0.993221679425522,inconclusive,1000,1000,1000,1000
t_learner,response,0.4,0.4,-5.789693749212862e-05,-0.0002245357815839276,0.00012004200690239494,0.246,inconclusive,-0.14474234373032235,-0.5584067670824248,0.304100929341644,0.248,inconclusive,-4.27920107857185e-05,-0.000205952439649955,0.00013737570927002706,inconclusive,-0.06767607453084024,-0.4895074546881293,0.39042841717342425,inconclusive,1000,1000,1000,1000
t_learner,response,0.44,0.44,-4.0249515339320276e-05,-0.00020595541381468894,0.00013761325109877033,0.317,inconclusive,-0.09147617122572749,-0.46850898840137456,0.31162394657834014,0.315,inconclusive,-2.801317897666543e-05,-0.000194921566789485,0.00014909640708777507,inconclusive,-0.0386572758299244,-0.4257999624126747,0.37929157558095417,inconclusive,1000,1000,1000,1000
t_learner,response,0.6,0.6,-4.31907523647879e-05,-0.00021178977189404466,0.0001377263330494086,0.302,inconclusive,-0.07198458727464696,-0.35301990399823957,0.23001537626310978,0.303,inconclusive,-3.256014825784659e-05,-0.00020083210191701074,0.0001430570545489893,inconclusive,-0.04944937955607842,-0.33301869553492947,0.24666896065607652,inconclusive,1000,1000,1000,1000
t_learner,response,0.8,0.8,-4.0249515339320276e-05,-0.00020980730688296832,0.0001378116672891505,0.313,inconclusive,-0.05031189417415005,-0.26269613042759526,0.17308912508183594,0.313,inconclusive,-3.735138395741331e-05,-0.00020320930933495813,0.00013954077865492852,inconclusive,-0.04724091774902228,-0.25544914303398836,0.17423688003772614,inconclusive,1000,1000,1000,1000
t_learner,response,1.0,1.0,-6.5052130349130266e-18,0.0,0.0,0.0,inconclusive,-6.439293542825908e-15,0.0,0.0,0.0,inconclusive,0.0,0.0,0.0,inconclusive,0.0,0.0,0.0,inconclusive,1000,1000,1000,1000
t_learner,expected_random,0.01,0.01,0.0003711223866817209,0.00010293629612171588,0.0006118871854187937,0.997,beats,37.11223866817208,10.43236994169172,61.11053872744134,0.997,beats,0.00036847803840974803,0.00010059140156341505,0.0006085191518373252,beats,26.377277985142328,-1.6069608915371616,51.849194518539576,inconclusive,1000,1000,1000,1000
t_learner,expected_random,0.02,0.02,0.0005117701027291892,0.0002207620263953692,0.0007827702560519399,1.0,beats,25.588505136459457,10.894420622312238,38.94784071234155,1.0,beats,0.0005063668379763379,0.00021571064569693923,0.0007766692006172979,beats,19.00736505416849,3.8639236115796396,32.969689443155715,beats,1000,1000,1000,1000
t_learner,expected_random,0.1,0.1,0.0007337930638015109,0.0004319139584861354,0.0010292528397812992,1.0,beats,7.337930638015111,4.330126722298087,10.301379284074805,1.0,beats,0.0007139696626123513,0.00041199248218041655,0.0010070234496068382,beats,6.246060372007284,3.0507279153815863,9.410872717538325,beats,1000,1000,1000,1000
t_learner,expected_random,0.11,0.11,0.0007332339542832386,0.0004336408079484159,0.0010265810059631203,1.0,beats,6.665763220756718,3.9369160242182053,9.337354760245802,1.0,beats,0.0007149087275322122,0.0004121250349019771,0.0010061257502761555,beats,5.831227656064806,2.9680680659576013,8.629577190933462,beats,1000,1000,1000,1000
t_learner,expected_random,0.12,0.12,0.0007434570931630787,0.0004526888704171535,0.0010344124531903318,1.0,beats,6.195475776358986,3.781359085321688,8.589019514938506,1.0,beats,0.000723561941636103,0.0004315430657429586,0.0010095246257159555,beats,5.4383047420040995,2.901377027682686,8.021166615859533,beats,1000,1000,1000,1000
t_learner,expected_random,0.2,0.2,0.0006899590252018896,0.0004272369748575889,0.0009678992967812554,1.0,beats,3.4497951260094486,2.1389207305079765,4.8520202302371755,1.0,beats,0.0006699266623820333,0.000402260438435335,0.0009485887115093317,beats,3.163098690110304,1.7658436488205878,4.618710989797306,beats,1000,1000,1000,1000
t_learner,expected_random,0.4,0.4,0.0005179503256245721,0.00029782870717148585,0.0007347208701572937,1.0,beats,1.2948758140614287,0.7421282943062036,1.8411429051383064,1.0,beats,0.0005063209188284987,0.0002899814673441144,0.0007185770342207962,beats,1.2531491797990606,0.7111833612389462,1.7870139038638633,beats,1000,1000,1000,1000
t_learner,expected_random,0.44,0.44,0.0004970769036090981,0.00028474982193742214,0.0007056457325052347,1.0,beats,1.1297202354752236,0.6464802367418083,1.6010081391355602,1.0,beats,0.00048562074187051074,0.0002735608175502063,0.0006917745745664884,beats,1.0959600080266405,0.6191360992243437,1.5734874890995416,beats,1000,1000,1000,1000
t_learner,expected_random,0.6,0.6,0.00035279993771613607,0.0001797920438537516,0.0005238673747001418,1.0,beats,0.5879998961935597,0.3012073375251648,0.8730217756133346,1.0,beats,0.00034789532079590327,0.0001729432614303159,0.0005193529600906164,beats,0.5802393055872472,0.2887866662124332,0.8670317790517874,beats,1000,1000,1000,1000
t_learner,expected_random,0.8,0.8,0.00016901942795113012,1.5015521202927039e-05,0.0003284079482156894,0.984,beats,0.21127428493891287,0.018657400185328292,0.4108323780573905,0.985,beats,0.00016932275315734721,1.3163616364114965e-05,0.00032937038514986816,beats,0.21154163193908238,0.017072183748052642,0.41146315803303235,beats,1000,1000,1000,1000
t_learner,expected_random,1.0,1.0,-1.3877787807814457e-17,-8.673617379884035e-19,8.673617379884035e-19,0.373,inconclusive,-1.3766765505351941e-14,-1.0019762797242036e-15,1.1102230246251565e-15,0.45,inconclusive,-4.336808689942018e-19,-4.336808689942018e-19,4.336808689942018e-19,inconclusive,-4.440892098500626e-16,0.0,0.0,inconclusive,1000,1000,1000,1000
t_learner,treat_all,0.01,1.0,-0.0006550641228635942,-0.0009611190626862709,-0.0003545280409150108,0.0,worse,37.11223866817208,10.43236994169172,61.11053872744134,0.997,beats,-0.0006577084711355671,-0.0009633877154009839,-0.00035626623040644533,worse,26.377277985142328,-1.6069608915371616,51.849194518539576,inconclusive,1000,1000,1000,1000
t_learner,treat_all,0.02,1.0,-0.0005040508865176885,-0.0007665583252034225,-0.00024653708433063716,0.001,worse,25.588505136459457,10.894420622312238,38.94784071234155,1.0,beats,-0.0005094541512705398,-0.0007727825816737204,-0.00025276383766294696,worse,19.00736505416849,3.8639236115796396,32.969689443155715,beats,1000,1000,1000,1000
t_learner,treat_all,0.1,1.0,-0.0001991037630578664,-0.0004086101429670161,2.1633360111801328e-05,0.036,inconclusive,7.337930638015111,4.330126722298087,10.301379284074805,1.0,beats,-0.00021892716424702597,-0.0004268161906220373,-1.755898651486381e-06,worse,6.246060372007284,3.0507279153815863,9.410872717538325,beats,1000,1000,1000,1000
t_learner,treat_all,0.11,1.0,-0.0001892973522777011,-0.0003976039417187682,2.778394596511019e-05,0.042,inconclusive,6.665763220756718,3.9369160242182053,9.337354760245802,1.0,beats,-0.0002076225790287275,-0.0004149557874498983,9.724170178568972e-06,inconclusive,5.831227656064806,2.9680680659576013,8.629577190933462,beats,1000,1000,1000,1000
t_learner,treat_all,0.12,1.0,-0.00016870869309942383,-0.0003758445387436215,4.846669664594936e-05,0.06,inconclusive,6.195475776358986,3.781359085321688,8.589019514938506,1.0,beats,-0.0001886038446263995,-0.0003943900642295359,2.4710680567257384e-05,inconclusive,5.4383047420040995,2.901377027682686,8.021166615859533,beats,1000,1000,1000,1000
t_learner,treat_all,0.2,1.0,-0.0001392825986731125,-0.00032938210938173406,6.33727436822109e-05,0.092,inconclusive,3.4497951260094486,2.1389207305079765,4.8520202302371755,1.0,beats,-0.00015931496149296882,-0.00035001500673747664,4.1604335386569235e-05,inconclusive,3.163098690110304,1.7658436488205878,4.618710989797306,beats,1000,1000,1000,1000
t_learner,treat_all,0.4,1.0,-0.00010398089228167958,-0.0002824840195055171,8.935642336598961e-05,0.137,inconclusive,1.2948758140614287,0.7421282943062036,1.8411429051383064,1.0,beats,-0.00011561029907775295,-0.0002944685023659684,7.761079484064981e-05,inconclusive,1.2531491797990606,0.7111833612389462,1.7870139038638633,beats,1000,1000,1000,1000
t_learner,treat_all,0.44,1.0,-8.339223310340317e-05,-0.0002611050715439913,0.0001100014913629991,0.183,inconclusive,1.1297202354752236,0.6464802367418083,1.6010081391355602,1.0,beats,-9.484839484199051e-05,-0.0002734327538118637,0.00010014327143632598,inconclusive,1.0959600080266405,0.6191360992243437,1.5734874890995416,beats,1000,1000,1000,1000
t_learner,treat_all,0.6,1.0,-6.182087422136476e-05,-0.0002346509020085924,0.0001313893892863144,0.241,inconclusive,0.5879998961935597,0.3012073375251648,0.8730217756133346,1.0,beats,-6.672549114159756e-05,-0.00024023940666567634,0.0001251408608167844,inconclusive,0.5802393055872472,0.2887866662124332,0.8670317790517874,beats,1000,1000,1000,1000
t_learner,treat_all,0.8,1.0,-3.829097801761987e-05,-0.00020788600650058594,0.00015141716902589443,0.329,inconclusive,0.21127428493891287,0.018657400185328292,0.4108323780573905,0.985,beats,-3.798765281140277e-05,-0.00021143395897489826,0.00015119064853133608,inconclusive,0.21154163193908238,0.017072183748052642,0.41146315803303235,beats,1000,1000,1000,1000
t_learner,treat_all,1.0,1.0,-1.3444106938820255e-17,-8.673617379884035e-19,8.673617379884035e-19,0.373,inconclusive,-1.3766765505351941e-14,-1.0019762797242036e-15,1.1102230246251565e-15,0.45,inconclusive,0.0,-4.336808689942018e-19,4.336808689942018e-19,inconclusive,-4.440892098500626e-16,0.0,0.0,inconclusive,1000,1000,1000,1000
