policy,targeting_fraction,actual_targeting_fraction,targeted_count,cumulative_incremental_rate,cumulative_incremental_per_1000_eligible
response,0.0,0.0,0,0.0,0.0
response,0.01,0.01,4000,0.00042467179725913306,0.42467179725913307
response,0.02,0.02,8000,0.0005825433452739203,0.5825433452739203
response,0.03,0.03,12000,0.0005874705679643613,0.5874705679643613
response,0.04,0.04,16000,0.0006757145408142214,0.6757145408142214
response,0.05,0.05,20000,0.0007463042294254565,0.7463042294254565
response,0.06,0.06,24000,0.0007757234617659529,0.775723461765953
response,0.07,0.07,28000,0.0008031772946989271,0.8031772946989271
response,0.08,0.08,32000,0.0008316138273356625,0.8316138273356625
response,0.09,0.09,36000,0.0008590676602686367,0.8590676602686367
response,0.1,0.1,40000,0.0009002449786251905,0.9002449786251905
response,0.11,0.11,44000,0.000912992626430824,0.912992626430824
response,0.12,0.12,48000,0.0009286815112619257,0.9286815112619257
response,0.13,0.13,52000,0.0009404464593637982,0.9404464593637982
response,0.14,0.14,56000,0.0009139821882204002,0.9139821882204002
response,0.15,0.15,60000,0.0009296710730515019,0.9296710730515019
response,0.16,0.16,64000,0.0009110478132807472,0.9110478132807472
response,0.17,0.17,68000,0.0009169302873316834,0.9169302873316835
response,0.18,0.18,72000,0.0008836008424335882,0.8836008424335882
response,0.19,0.19,76000,0.0008894833164845244,0.8894833164845244
response,0.2,0.2,80000,0.000904189501611865,0.9041895016118651
response,0.21,0.21,84000,0.0009130132126882694,0.9130132126882694
response,0.22,0.22,88000,0.00092771939781561,0.92771939781561
response,0.23,0.23,92000,0.0009394843459174826,0.9394843459174825
response,0.24,0.24,96000,0.000948308056993887,0.948308056993887
response,0.25,0.25,100000,0.000951249294019355,0.951249294019355
response,0.26,0.26,104000,0.0009571317680702912,0.9571317680702912
response,0.27,0.27,108000,0.0009630142421212276,0.9630142421212275
response,0.28,0.28,112000,0.0009659554791466956,0.9659554791466957
response,0.29,0.2899975,115999,0.0009777204272485682,0.9777204272485682
response,0.3,0.3,120000,0.0009777204272485682,0.9777204272485682
response,0.31,0.31,124000,0.0009777204272485682,0.9777204272485682
response,0.32,0.32,128000,0.0009777204272485682,0.9777204272485682
response,0.33,0.33,132000,0.0009806616642740362,0.9806616642740362
response,0.34,0.34,136000,0.0009894853753504406,0.9894853753504407
response,0.35000000000000003,0.35,140000,0.000992426612375909,0.9924266123759089
response,0.36,0.36,144000,0.001001250323452313,1.0012503234523131
response,0.37,0.37,148000,0.0009845856010032654,0.9845856010032654
response,0.38,0.38,152000,0.0009845856010032654,0.9845856010032654
response,0.39,0.39,156000,0.0009845856010032654,0.9845856010032654
response,0.4,0.4,160000,0.0009904680750542018,0.9904680750542018
response,0.41000000000000003,0.41,164000,0.0009904680750542018,0.9904680750542018
response,0.42,0.42,168000,0.0009934093120796698,0.9934093120796699
response,0.43,0.43,172000,0.0009934093120796698,0.9934093120796699
response,0.44,0.44,176000,0.0009934093120796698,0.9934093120796699
response,0.45,0.45,180000,0.0009992917861306062,0.9992917861306062
response,0.46,0.46,184000,0.0010110567342324786,1.0110567342324785
response,0.47000000000000003,0.47,188000,0.001016939208283415,1.016939208283415
response,0.48,0.48,192000,0.001019880445308883,1.019880445308883
response,0.49,0.49,196000,0.001022821682334351,1.022821682334351
response,0.5,0.5,200000,0.0010257629193598193,1.0257629193598192
response,0.51,0.51,204000,0.0010257629193598193,1.0257629193598192
response,0.52,0.52,208000,0.0010120394339362398,1.0120394339362397
response,0.53,0.53,212000,0.0010120394339362398,1.0120394339362397
response,0.54,0.54,216000,0.0010120394339362398,1.0120394339362397
response,0.55,0.55,220000,0.0010120394339362398,1.0120394339362397
response,0.56,0.56,224000,0.0010149806709617078,1.0149806709617077
response,0.5700000000000001,0.57,228000,0.0010149806709617078,1.0149806709617077
response,0.58,0.5799975,231999,0.001017921907987176,1.0179219079871762
response,0.59,0.59,236000,0.001017921907987176,1.0179219079871762
response,0.6,0.6,240000,0.001017921907987176,1.0179219079871762
response,0.61,0.61,244000,0.001017921907987176,1.0179219079871762
response,0.62,0.62,248000,0.001017921907987176,1.0179219079871762
response,0.63,0.63,252000,0.001017921907987176,1.0179219079871762
response,0.64,0.64,256000,0.0010208631450126441,1.0208631450126442
response,0.65,0.65,260000,0.0010208631450126441,1.0208631450126442
response,0.66,0.66,264000,0.0010208631450126441,1.0208631450126442
response,0.67,0.67,268000,0.0010238043820381122,1.0238043820381122
response,0.68,0.68,272000,0.0010267456190635803,1.0267456190635802
response,0.6900000000000001,0.69,276000,0.0010267456190635803,1.0267456190635802
response,0.7000000000000001,0.7,280000,0.0010267456190635803,1.0267456190635802
response,0.71,0.71,284000,0.0010296868560890485,1.0296868560890486
response,0.72,0.72,288000,0.0010296868560890485,1.0296868560890486
response,0.73,0.73,292000,0.0010296868560890485,1.0296868560890486
response,0.74,0.74,296000,0.0010296868560890485,1.0296868560890486
response,0.75,0.75,300000,0.0010296868560890485,1.0296868560890486
response,0.76,0.76,304000,0.0010326280931145166,1.0326280931145166
response,0.77,0.77,308000,0.0010326280931145166,1.0326280931145166
response,0.78,0.78,312000,0.0010355693301399847,1.0355693301399846
response,0.79,0.79,316000,0.001038510567165453,1.0385105671654529
response,0.8,0.8,320000,0.001038510567165453,1.0385105671654529
response,0.81,0.81,324000,0.001044393041216389,1.044393041216389
response,0.8200000000000001,0.82,328000,0.001044393041216389,1.044393041216389
response,0.8300000000000001,0.83,332000,0.001044393041216389,1.044393041216389
response,0.84,0.84,336000,0.001044393041216389,1.044393041216389
response,0.85,0.85,340000,0.001044393041216389,1.044393041216389
response,0.86,0.86,344000,0.0010473342782418573,1.0473342782418573
response,0.87,0.87,348000,0.0010473342782418573,1.0473342782418573
response,0.88,0.88,352000,0.0010473342782418573,1.0473342782418573
response,0.89,0.89,356000,0.0010473342782418573,1.0473342782418573
response,0.9,0.9,360000,0.0010473342782418573,1.0473342782418573
response,0.91,0.91,364000,0.0010473342782418573,1.0473342782418573
response,0.92,0.92,368000,0.0010473342782418573,1.0473342782418573
response,0.93,0.93,372000,0.0010473342782418573,1.0473342782418573
response,0.9400000000000001,0.94,376000,0.0010502755152673254,1.0502755152673253
response,0.9500000000000001,0.95,380000,0.0010502755152673254,1.0502755152673253
response,0.96,0.96,384000,0.0010336107928182777,1.0336107928182778
response,0.97,0.97,388000,0.0010336107928182777,1.0336107928182778
response,0.98,0.98,392000,0.0010336107928182777,1.0336107928182778
response,0.99,0.99,396000,0.0010336107928182777,1.0336107928182778
response,1.0,1.0,400000,0.0010365520298437458,1.0365520298437458
s_learner,0.0,0.0,0,0.0,0.0
s_learner,0.01,0.01,4000,0.0004580012421572274,0.45800124215722743
s_learner,0.02,0.02,8000,0.0005884120951532227,0.5884120951532227
s_learner,0.03,0.03,12000,0.000620779426605006,0.620779426605006
s_learner,0.04,0.04,16000,0.0006737216930634328,0.6737216930634328
s_learner,0.05,0.05,20000,0.0006952930519454708,0.6952930519454708
s_learner,0.06,0.06,24000,0.0007050994627256363,0.7050994627256363
s_learner,0.07,0.07,28000,0.0007001996883784611,0.7001996883784611
s_learner,0.08,0.08,32000,0.0007060821624293973,0.7060821624293974
s_learner,0.09,0.09,36000,0.0007119646364803335,0.7119646364803336
s_learner,0.1,0.1,40000,0.0007149058735058017,0.7149058735058017
s_learner,0.11,0.11,44000,0.0007149058735058017,0.7149058735058017
s_learner,0.12,0.12,48000,0.0007149058735058017,0.7149058735058017
s_learner,0.13,0.13,52000,0.0007011823880822221,0.7011823880822221
s_learner,0.14,0.14,56000,0.0007041236251076903,0.7041236251076903
s_learner,0.15,0.15,60000,0.0007129473361840947,0.7129473361840947
s_learner,0.16,0.16,64000,0.0007188298102350309,0.7188298102350309
s_learner,0.17,0.17,68000,0.0007247122842859671,0.7247122842859671
s_learner,0.18,0.18,72000,0.0007247122842859671,0.7247122842859671
s_learner,0.19,0.19,76000,0.0007305947583369035,0.7305947583369035
s_learner,0.2,0.2,80000,0.000719812509938792,0.7198125099387921
s_learner,0.21,0.21,84000,0.000719812509938792,0.7198125099387921
s_learner,0.22,0.22,88000,0.0007227537469642601,0.7227537469642601
s_learner,0.23,0.23,92000,0.0007345186950661327,0.7345186950661327
s_learner,0.24,0.24,96000,0.0007374599320916007,0.7374599320916008
s_learner,0.25,0.25,100000,0.0007374599320916007,0.7374599320916008
s_learner,0.26,0.26,104000,0.0007374599320916007,0.7374599320916008
s_learner,0.27,0.27,108000,0.0007374599320916007,0.7374599320916008
s_learner,0.28,0.28,112000,0.0007404011691170689,0.7404011691170689
s_learner,0.29,0.2899975,115999,0.000743342406142537,0.7433424061425371
s_learner,0.3,0.3,120000,0.0007462836431680051,0.7462836431680051
s_learner,0.31,0.31,124000,0.0007355013947698937,0.7355013947698937
s_learner,0.32,0.32,128000,0.0007355013947698937,0.7355013947698937
s_learner,0.33,0.33,132000,0.0007217779093463141,0.7217779093463141
s_learner,0.34,0.34,136000,0.0007217779093463141,0.7217779093463141
s_learner,0.35000000000000003,0.35,140000,0.0007217779093463141,0.7217779093463141
s_learner,0.36,0.36,144000,0.0007247191463717823,0.7247191463717823
s_learner,0.37,0.37,148000,0.0007276603833972505,0.7276603833972505
s_learner,0.38,0.38,152000,0.0007306016204227185,0.7306016204227185
s_learner,0.39,0.39,156000,0.0007306016204227185,0.7306016204227185
s_learner,0.4,0.4,160000,0.0007335428574481867,0.7335428574481867
s_learner,0.41000000000000003,0.41,164000,0.0007364840944736548,0.7364840944736548
s_learner,0.42,0.42,168000,0.0007394253314991229,0.7394253314991229
s_learner,0.43,0.43,172000,0.0007423665685245911,0.742366568524591
s_learner,0.44,0.44,176000,0.0007482490425755273,0.7482490425755273
s_learner,0.45,0.45,180000,0.0007315843201264797,0.7315843201264797
s_learner,0.46,0.46,184000,0.0007315843201264797,0.7315843201264797
s_learner,0.47000000000000003,0.47,188000,0.0007315843201264797,0.7315843201264797
s_learner,0.48,0.48,192000,0.0007345255571519478,0.7345255571519478
s_learner,0.49,0.49,196000,0.0007374667941774159,0.7374667941774159
s_learner,0.5,0.5,200000,0.0007374667941774159,0.7374667941774159
s_learner,0.51,0.51,204000,0.0007208020717283682,0.7208020717283682
s_learner,0.52,0.52,208000,0.0007266845457793045,0.7266845457793044
s_learner,0.53,0.53,212000,0.0007325670198302407,0.7325670198302406
s_learner,0.54,0.54,216000,0.0007355082568557089,0.7355082568557089
s_learner,0.55,0.55,220000,0.000738449493881177,0.738449493881177
s_learner,0.56,0.56,224000,0.0007413907309066451,0.7413907309066451
s_learner,0.5700000000000001,0.57,228000,0.0007413907309066451,0.7413907309066451
s_learner,0.58,0.5799975,231999,0.0007413907309066451,0.7413907309066451
s_learner,0.59,0.59,236000,0.0007413907309066451,0.7413907309066451
s_learner,0.6,0.6,240000,0.0007443319679321132,0.7443319679321132
s_learner,0.61,0.61,244000,0.0007502144419830495,0.7502144419830494
s_learner,0.62,0.62,248000,0.0007502144419830495,0.7502144419830494
s_learner,0.63,0.63,252000,0.0007502144419830495,0.7502144419830494
s_learner,0.64,0.64,256000,0.0007502144419830495,0.7502144419830494
s_learner,0.65,0.65,260000,0.0007590381530594539,0.7590381530594539
s_learner,0.66,0.66,264000,0.000761979390084922,0.761979390084922
s_learner,0.67,0.67,268000,0.0007708031011613264,0.7708031011613264
s_learner,0.68,0.68,272000,0.0007766855752122626,0.7766855752122627
s_learner,0.6900000000000001,0.69,276000,0.0007766855752122626,0.7766855752122627
s_learner,0.7000000000000001,0.7,280000,0.0007659033268141512,0.7659033268141512
s_learner,0.71,0.71,284000,0.0007747270378905556,0.7747270378905556
s_learner,0.72,0.72,288000,0.00078355074896696,0.78355074896696
s_learner,0.73,0.73,292000,0.0007864919859924281,0.7864919859924281
s_learner,0.74,0.74,296000,0.0007757097375943166,0.7757097375943166
s_learner,0.75,0.75,300000,0.0007708099632471415,0.7708099632471415
s_learner,0.76,0.76,304000,0.0007737512002726096,0.7737512002726096
s_learner,0.77,0.77,308000,0.0007766924372980778,0.7766924372980778
s_learner,0.78,0.78,312000,0.000782574911349014,0.782574911349014
s_learner,0.79,0.79,316000,0.0007884573853999502,0.7884573853999503
s_learner,0.8,0.8,320000,0.0007972810964763546,0.7972810964763546
s_learner,0.81,0.81,324000,0.0008119872816036952,0.8119872816036953
s_learner,0.8200000000000001,0.82,328000,0.0008149285186291634,0.8149285186291634
s_learner,0.8300000000000001,0.83,332000,0.0008149285186291634,0.8149285186291634
s_learner,0.84,0.84,336000,0.0008237522297055678,0.8237522297055678
s_learner,0.85,0.85,340000,0.000829634703756504,0.829634703756504
s_learner,0.86,0.86,344000,0.0008159112183329244,0.8159112183329245
s_learner,0.87,0.87,348000,0.0008335586404857332,0.8335586404857332
s_learner,0.88,0.88,352000,0.00082571762911309,0.82571762911309
s_learner,0.89,0.89,356000,0.0008316001031640262,0.8316001031640262
s_learner,0.9,0.9,360000,0.000826700328816851,0.826700328816851
s_learner,0.91,0.91,364000,0.0008443477509696598,0.8443477509696597
s_learner,0.92,0.92,368000,0.0008767013582498092,0.8767013582498092
s_learner,0.93,0.93,372000,0.0008923902430809109,0.892390243080911
s_learner,0.9400000000000001,0.94,376000,0.0009198440760138851,0.9198440760138852
s_learner,0.9500000000000001,0.95,380000,0.0009325917238195187,0.9325917238195187
s_learner,0.96,0.96,384000,0.0009002449786251845,0.9002449786251845
s_learner,0.97,0.97,388000,0.0009247575745326905,0.9247575745326906
s_learner,0.98,0.98,392000,0.0009629936558637761,0.9629936558637762
s_learner,0.99,0.99,396000,0.0009620246803316453,0.9620246803316453
s_learner,1.0,1.0,400000,0.00103655202984374,1.0365520298437398
t_learner,0.0,0.0,0,0.0,0.0
t_learner,0.01,0.01,4000,0.00038148790698015836,0.3814879069801584
t_learner,0.02,0.02,8000,0.0005325011433260642,0.5325011433260642
t_learner,0.03,0.03,12000,0.0005521276890580296,0.5521276890580297
t_learner,0.04,0.04,16000,0.0006246827770767896,0.6246827770767897
t_learner,0.05,0.05,20000,0.0006844902172899135,0.6844902172899135
t_learner,0.06,0.06,24000,0.0007246916980285213,0.7246916980285213
t_learner,0.07,0.07,28000,0.0007639104790633681,0.7639104790633681
t_learner,0.08,0.08,32000,0.0007972467860472785,0.7972467860472785
t_learner,0.09,0.09,36000,0.0008305830930311891,0.830583093031189
t_learner,0.1,0.1,40000,0.0008374482667858864,0.8374482667858865
t_learner,0.11,0.11,44000,0.0008472546775660519,0.8472546775660519
t_learner,0.12,0.12,48000,0.0008678433367443287,0.8678433367443287
t_learner,0.13,0.13,52000,0.0008521613139990421,0.852161313999042
t_learner,0.14,0.14,56000,0.0008845149212791915,0.8845149212791915
t_learner,0.15,0.15,60000,0.0008796151469320164,0.8796151469320164
t_learner,0.16,0.16,64000,0.0008864803206867137,0.8864803206867137
t_learner,0.17,0.17,68000,0.0008815805463395386,0.8815805463395385
t_learner,0.18,0.18,72000,0.0008796220090178314,0.8796220090178315
t_learner,0.19,0.19,76000,0.0008884457200942358,0.8884457200942358
t_learner,0.2,0.2,80000,0.0008972694311706402,0.8972694311706402
t_learner,0.21,0.21,84000,0.0008972694311706402,0.8972694311706402
t_learner,0.22,0.22,88000,0.000889428419797997,0.889428419797997
t_learner,0.23,0.23,92000,0.0008982521308744014,0.8982521308744014
t_learner,0.24,0.24,96000,0.0008982521308744014,0.8982521308744014
t_learner,0.25,0.25,100000,0.0009041346049253376,0.9041346049253376
t_learner,0.26,0.26,104000,0.0009070758419508058,0.9070758419508057
t_learner,0.27,0.27,108000,0.0009021760676036306,0.9021760676036306
t_learner,0.28,0.28,112000,0.000910999778680035,0.910999778680035
t_learner,0.29,0.2899975,115999,0.0009168822527309712,0.9168822527309712
t_learner,0.3,0.3,120000,0.0009198234897564393,0.9198234897564393
t_learner,0.31,0.31,124000,0.0009257059638073756,0.9257059638073756
t_learner,0.32,0.32,128000,0.0009286472008328436,0.9286472008328436
t_learner,0.33,0.33,132000,0.0009315884378583118,0.9315884378583118
t_learner,0.34,0.34,136000,0.00093452967488378,0.9345296748837799
t_learner,0.35000000000000003,0.35,140000,0.00093452967488378,0.9345296748837799
t_learner,0.36,0.36,144000,0.0009208061894602004,0.9208061894602004
t_learner,0.37,0.37,148000,0.0009237474264856685,0.9237474264856685
t_learner,0.38,0.38,152000,0.0009266886635111366,0.9266886635111367
t_learner,0.39,0.39,156000,0.0009296299005366048,0.9296299005366048
t_learner,0.4,0.4,160000,0.0009325711375620729,0.9325711375620729
t_learner,0.41000000000000003,0.41,164000,0.0009384536116130092,0.9384536116130091
t_learner,0.42,0.42,168000,0.0009413948486384772,0.9413948486384772
t_learner,0.43,0.43,172000,0.0009443360856639454,0.9443360856639453
t_learner,0.44,0.44,176000,0.0009531597967403498,0.9531597967403498
t_learner,0.45,0.45,180000,0.0009364950742913021,0.9364950742913022
t_learner,0.46,0.46,184000,0.0009394363113167702,0.9394363113167702
t_learner,0.47000000000000003,0.47,188000,0.0009423775483422384,0.9423775483422384
t_learner,0.48,0.48,192000,0.0009453187853677065,0.9453187853677065
t_learner,0.49,0.49,196000,0.0009512012594186428,0.9512012594186428
t_learner,0.5,0.5,200000,0.0009629662075205152,0.9629662075205152
t_learner,0.51,0.51,204000,0.0009659074445459834,0.9659074445459833
t_learner,0.52,0.52,208000,0.0009659074445459834,0.9659074445459833
t_learner,0.53,0.53,212000,0.0009688486815714515,0.9688486815714515
t_learner,0.54,0.54,216000,0.0009688486815714515,0.9688486815714515
t_learner,0.55,0.55,220000,0.0009688486815714515,0.9688486815714515
t_learner,0.56,0.56,224000,0.0009717899185969196,0.9717899185969195
t_learner,0.5700000000000001,0.57,228000,0.0009747311556223878,0.9747311556223878
t_learner,0.58,0.5799975,231999,0.0009747311556223878,0.9747311556223878
t_learner,0.59,0.59,236000,0.0009747311556223878,0.9747311556223878
t_learner,0.6,0.6,240000,0.0009747311556223878,0.9747311556223878
t_learner,0.61,0.61,244000,0.0009747311556223878,0.9747311556223878
t_learner,0.62,0.62,248000,0.0009776723926478558,0.9776723926478558
t_learner,0.63,0.63,252000,0.000980613629673324,0.9806136296733241
t_learner,0.64,0.64,256000,0.000980613629673324,0.9806136296733241
t_learner,0.65,0.65,260000,0.0009835548666987921,0.9835548666987921
t_learner,0.66,0.66,264000,0.0009894373407497285,0.9894373407497284
t_learner,0.67,0.67,268000,0.0009894373407497285,0.9894373407497284
t_learner,0.68,0.68,272000,0.0009894373407497285,0.9894373407497284
t_learner,0.6900000000000001,0.69,276000,0.0009923785777751965,0.9923785777751966
t_learner,0.7000000000000001,0.7,280000,0.0009953198148006646,0.9953198148006646
t_learner,0.71,0.71,284000,0.0009953198148006646,0.9953198148006646
t_learner,0.72,0.72,288000,0.0009953198148006646,0.9953198148006646
t_learner,0.73,0.73,292000,0.0009953198148006646,0.9953198148006646
t_learner,0.74,0.74,296000,0.0009953198148006646,0.9953198148006646
t_learner,0.75,0.75,300000,0.0009953198148006646,0.9953198148006646
t_learner,0.76,0.76,304000,0.0009953198148006646,0.9953198148006646
t_learner,0.77,0.77,308000,0.0009953198148006646,0.9953198148006646
t_learner,0.78,0.78,312000,0.0009953198148006646,0.9953198148006646
t_learner,0.79,0.79,316000,0.0009982610518261329,0.9982610518261329
t_learner,0.8,0.8,320000,0.0009982610518261329,0.9982610518261329
t_learner,0.81,0.81,324000,0.0009982610518261329,0.9982610518261329
t_learner,0.8200000000000001,0.82,328000,0.0009982610518261329,0.9982610518261329
t_learner,0.8300000000000001,0.83,332000,0.0009982610518261329,0.9982610518261329
t_learner,0.84,0.84,336000,0.0009982610518261329,0.9982610518261329
t_learner,0.85,0.85,340000,0.001001202288851601,1.001202288851601
t_learner,0.86,0.86,344000,0.001001202288851601,1.001202288851601
t_learner,0.87,0.87,348000,0.001001202288851601,1.001202288851601
t_learner,0.88,0.88,352000,0.001001202288851601,1.001202288851601
t_learner,0.89,0.89,356000,0.001001202288851601,1.001202288851601
t_learner,0.9,0.9,360000,0.001001202288851601,1.001202288851601
t_learner,0.91,0.91,364000,0.001001202288851601,1.001202288851601
t_learner,0.92,0.92,368000,0.001001202288851601,1.001202288851601
t_learner,0.93,0.93,372000,0.001004143525877069,1.004143525877069
t_learner,0.9400000000000001,0.94,376000,0.001004143525877069,1.004143525877069
t_learner,0.9500000000000001,0.95,380000,0.0009874788034280213,0.9874788034280213
t_learner,0.96,0.96,384000,0.0009904200404534894,0.9904200404534894
t_learner,0.97,0.97,388000,0.0009766965550299098,0.9766965550299098
t_learner,0.98,0.98,392000,0.0009835617287846073,0.9835617287846073
t_learner,0.99,0.99,396000,0.0010041503879628841,1.0041503879628841
t_learner,1.0,1.0,400000,0.0010365520298437395,1.0365520298437394
expected_random,0.0,0.0,0,0.0,0.0
expected_random,0.01,0.01,4000,1.0365520298437531e-05,0.010365520298437531
expected_random,0.02,0.02,8000,2.0731040596875063e-05,0.020731040596875062
expected_random,0.03,0.03,12000,3.109656089531259e-05,0.031096560895312594
expected_random,0.04,0.04,16000,4.1462081193750125e-05,0.041462081193750125
expected_random,0.05,0.05,20000,5.182760149218766e-05,0.05182760149218766
expected_random,0.06,0.06,24000,6.219312179062518e-05,0.06219312179062519
expected_random,0.07,0.07,28000,7.255864208906272e-05,0.07255864208906272
expected_random,0.08,0.08,32000,8.292416238750025e-05,0.08292416238750025
expected_random,0.09,0.09,36000,9.328968268593778e-05,0.09328968268593778
expected_random,0.1,0.1,40000,0.00010365520298437532,0.10365520298437532
expected_random,0.11,0.11,44000,0.00011402072328281284,0.11402072328281285
expected_random,0.12,0.12,48000,0.00012438624358125037,0.12438624358125037
expected_random,0.13,0.13,52000,0.00013475176387968792,0.13475176387968793
expected_random,0.14,0.14,56000,0.00014511728417812545,0.14511728417812544
expected_random,0.15,0.15,60000,0.00015548280447656297,0.15548280447656299
expected_random,0.16,0.16,64000,0.0001658483247750005,0.1658483247750005
expected_random,0.17,0.17,68000,0.00017621384507343805,0.17621384507343804
expected_random,0.18,0.18,72000,0.00018657936537187555,0.18657936537187556
expected_random,0.19,0.19,76000,0.0001969448856703131,0.1969448856703131
expected_random,0.2,0.2,80000,0.00020731040596875063,0.20731040596875064
expected_random,0.21,0.21,84000,0.00021767592626718816,0.21767592626718815
expected_random,0.22,0.22,88000,0.00022804144656562569,0.2280414465656257
expected_random,0.23,0.23,92000,0.00023840696686406324,0.23840696686406324
expected_random,0.24,0.24,96000,0.00024877248716250074,0.24877248716250075
expected_random,0.25,0.25,100000,0.0002591380074609383,0.2591380074609383
expected_random,0.26,0.26,104000,0.00026950352775937584,0.26950352775937586
expected_random,0.27,0.27,108000,0.0002798690480578134,0.2798690480578134
expected_random,0.28,0.28,112000,0.0002902345683562509,0.2902345683562509
expected_random,0.29,0.2899975,115999,0.00030059749727461384,0.3005974972746138
expected_random,0.3,0.3,120000,0.00031096560895312595,0.31096560895312597
expected_random,0.31,0.31,124000,0.0003213311292515635,0.3213311292515635
expected_random,0.32,0.32,128000,0.000331696649550001,0.331696649550001
expected_random,0.33,0.33,132000,0.00034206216984843856,0.34206216984843857
expected_random,0.34,0.34,136000,0.0003524276901468761,0.3524276901468761
expected_random,0.35000000000000003,0.35,140000,0.0003627932104453136,0.3627932104453136
expected_random,0.36,0.36,144000,0.0003731587307437511,0.3731587307437511
expected_random,0.37,0.37,148000,0.00038352425104218866,0.3835242510421887
expected_random,0.38,0.38,152000,0.0003938897713406262,0.3938897713406262
expected_random,0.39,0.39,156000,0.00040425529163906377,0.40425529163906376
expected_random,0.4,0.4,160000,0.00041462081193750127,0.4146208119375013
expected_random,0.41000000000000003,0.41,164000,0.00042498633223593877,0.4249863322359388
expected_random,0.42,0.42,168000,0.0004353518525343763,0.4353518525343763
expected_random,0.43,0.43,172000,0.00044571737283281387,0.4457173728328139
expected_random,0.44,0.44,176000,0.00045608289313125137,0.4560828931312514
expected_random,0.45,0.45,180000,0.0004664484134296889,0.4664484134296889
expected_random,0.46,0.46,184000,0.0004768139337281265,0.47681393372812647
expected_random,0.47000000000000003,0.47,188000,0.000487179454026564,0.487179454026564
expected_random,0.48,0.48,192000,0.0004975449743250015,0.4975449743250015
expected_random,0.49,0.49,196000,0.0005079104946234391,0.5079104946234391
expected_random,0.5,0.5,200000,0.0005182760149218766,0.5182760149218766
expected_random,0.51,0.51,204000,0.0005286415352203141,0.5286415352203141
expected_random,0.52,0.52,208000,0.0005390070555187517,0.5390070555187517
expected_random,0.53,0.53,212000,0.0005493725758171892,0.5493725758171892
expected_random,0.54,0.54,216000,0.0005597380961156268,0.5597380961156267
expected_random,0.55,0.55,220000,0.0005701036164140643,0.5701036164140643
expected_random,0.56,0.56,224000,0.0005804691367125018,0.5804691367125018
expected_random,0.5700000000000001,0.57,228000,0.0005908346570109393,0.5908346570109393
expected_random,0.58,0.5799975,231999,0.0006011975859293023,0.6011975859293023
expected_random,0.59,0.59,236000,0.0006115656976078143,0.6115656976078143
expected_random,0.6,0.6,240000,0.0006219312179062519,0.6219312179062519
expected_random,0.61,0.61,244000,0.0006322967382046894,0.6322967382046893
expected_random,0.62,0.62,248000,0.000642662258503127,0.642662258503127
expected_random,0.63,0.63,252000,0.0006530277788015645,0.6530277788015645
expected_random,0.64,0.64,256000,0.000663393299100002,0.663393299100002
expected_random,0.65,0.65,260000,0.0006737588193984396,0.6737588193984396
expected_random,0.66,0.66,264000,0.0006841243396968771,0.6841243396968771
expected_random,0.67,0.67,268000,0.0006944898599953146,0.6944898599953147
expected_random,0.68,0.68,272000,0.0007048553802937522,0.7048553802937522
expected_random,0.6900000000000001,0.69,276000,0.0007152209005921896,0.7152209005921896
expected_random,0.7000000000000001,0.7,280000,0.0007255864208906272,0.7255864208906272
expected_random,0.71,0.71,284000,0.0007359519411890647,0.7359519411890647
expected_random,0.72,0.72,288000,0.0007463174614875022,0.7463174614875022
expected_random,0.73,0.73,292000,0.0007566829817859398,0.7566829817859398
expected_random,0.74,0.74,296000,0.0007670485020843773,0.7670485020843774
expected_random,0.75,0.75,300000,0.0007774140223828149,0.777414022382815
expected_random,0.76,0.76,304000,0.0007877795426812524,0.7877795426812524
expected_random,0.77,0.77,308000,0.0007981450629796899,0.7981450629796899
expected_random,0.78,0.78,312000,0.0008085105832781275,0.8085105832781275
expected_random,0.79,0.79,316000,0.000818876103576565,0.818876103576565
expected_random,0.8,0.8,320000,0.0008292416238750025,0.8292416238750026
expected_random,0.81,0.81,324000,0.0008396071441734401,0.8396071441734402
expected_random,0.8200000000000001,0.82,328000,0.0008499726644718775,0.8499726644718776
expected_random,0.8300000000000001,0.83,332000,0.0008603381847703151,0.8603381847703151
expected_random,0.84,0.84,336000,0.0008707037050687526,0.8707037050687526
expected_random,0.85,0.85,340000,0.0008810692253671901,0.8810692253671901
expected_random,0.86,0.86,344000,0.0008914347456656277,0.8914347456656277
expected_random,0.87,0.87,348000,0.0009018002659640652,0.9018002659640653
expected_random,0.88,0.88,352000,0.0009121657862625027,0.9121657862625028
expected_random,0.89,0.89,356000,0.0009225313065609404,0.9225313065609404
expected_random,0.9,0.9,360000,0.0009328968268593778,0.9328968268593778
expected_random,0.91,0.91,364000,0.0009432623471578155,0.9432623471578154
expected_random,0.92,0.92,368000,0.000953627867456253,0.9536278674562529
expected_random,0.93,0.93,372000,0.0009639933877546905,0.9639933877546905
expected_random,0.9400000000000001,0.94,376000,0.000974358908053128,0.974358908053128
expected_random,0.9500000000000001,0.95,380000,0.0009847244283515656,0.9847244283515656
expected_random,0.96,0.96,384000,0.000995089948650003,0.995089948650003
expected_random,0.97,0.97,388000,0.0010054554689484406,1.0054554689484405
expected_random,0.98,0.98,392000,0.0010158209892468782,1.0158209892468781
expected_random,0.99,0.99,396000,0.0010261865095453156,1.0261865095453155
expected_random,1.0,1.0,400000,0.0010365520298437532,1.0365520298437532
